# index	tilemap-offset	source-label	source
0	020	synthetic priority demo	example://low
1	021	synthetic priority demo	example://low
2	022	synthetic priority demo	example://low
3	023	synthetic priority demo	example://low
4	024	synthetic priority demo	example://low
5	025	synthetic priority demo	example://low
6	026	synthetic priority demo	example://low
7	027	synthetic priority demo	example://low
8	028	synthetic priority demo	example://low
9	029	synthetic priority demo	example://low
10	02a	synthetic priority demo	example://low
11	02b	synthetic priority demo	example://low
12	02c	synthetic priority demo	example://low
13	02d	synthetic priority demo	example://low
14	02e	synthetic priority demo	example://low
15	02f	synthetic priority demo	example://low
